,State,Year,Gender Group,Number of victims
0,Andaman & Nicobar Islands,2001,Murder - Female Victims,4.0
1,Andhra Pradesh,2001,Murder - Female Victims,269.0
2,Arunachal Pradesh,2001,Murder - Female Victims,10.0
3,Assam,2001,Murder - Female Victims,45.0
4,Bihar,2001,Murder - Female Victims,191.0
5,Chandigarh,2001,Murder - Female Victims,1.0
6,Chhattisgarh,2001,Murder - Female Victims,214.0
7,Delhi,2001,Murder - Female Victims,74.0
8,Goa,2001,Murder - Female Victims,4.0
9,Gujarat,2001,Murder - Female Victims,132.0
10,Haryana,2001,Murder - Female Victims,67.0
11,Himachal Pradesh,2001,Murder - Female Victims,11.0
12,Jammu & Kashmir,2001,Murder - Female Victims,68.0
13,Jharkhand,2001,Murder - Female Victims,126.0
14,Karnataka,2001,Murder - Female Victims,250.0
15,Kerala,2001,Murder - Female Victims,25.0
16,Lakshadweep,2001,Murder - Female Victims,0.0
17,Madhya Pradesh,2001,Murder - Female Victims,281.0
18,Maharashtra,2001,Murder - Female Victims,555.0
19,Manipur,2001,Murder - Female Victims,2.0
20,Meghalaya,2001,Murder - Female Victims,4.0
21,Mizoram,2001,Murder - Female Victims,9.0
22,Nagaland,2001,Murder - Female Victims,0.0
23,Odisha,2001,Murder - Female Victims,140.0
24,Puducherry,2001,Murder - Female Victims,5.0
25,Punjab,2001,Murder - Female Victims,90.0
26,Rajasthan,2001,Murder - Female Victims,108.0
27,Sikkim,2001,Murder - Female Victims,1.0
28,Tamil Nadu,2001,Murder - Female Victims,174.0
29,Tripura,2001,Murder - Female Victims,3.0
30,Uttar Pradesh,2001,Murder - Female Victims,626.0
31,Uttarakhand,2001,Murder - Female Victims,72.0
32,West Bengal,2001,Murder - Female Victims,213.0
33,Andaman & Nicobar Islands,2002,Murder - Female Victims,2.0
34,Andhra Pradesh,2002,Murder - Female Victims,371.0
35,Arunachal Pradesh,2002,Murder - Female Victims,3.0
36,Assam,2002,Murder - Female Victims,64.0
37,Bihar,2002,Murder - Female Victims,242.0
38,Chandigarh,2002,Murder - Female Victims,3.0
39,Chhattisgarh,2002,Murder - Female Victims,111.0
40,Dadra & Nagar Haveli,2002,Murder - Female Victims,0.0
41,Daman & Diu,2002,Murder - Female Victims,2.0
42,Delhi,2002,Murder - Female Victims,69.0
43,Goa,2002,Murder - Female Victims,1.0
44,Gujarat,2002,Murder - Female Victims,252.0
45,Haryana,2002,Murder - Female Victims,97.0
46,Himachal Pradesh,2002,Murder - Female Victims,19.0
47,Jammu & Kashmir,2002,Murder - Female Victims,71.0
48,Jharkhand,2002,Murder - Female Victims,140.0
49,Karnataka,2002,Murder - Female Victims,346.0
50,Kerala,2002,Murder - Female Victims,31.0
51,Madhya Pradesh,2002,Murder - Female Victims,258.0
52,Maharashtra,2002,Murder - Female Victims,475.0
53,Manipur,2002,Murder - Female Victims,7.0
54,Meghalaya,2002,Murder - Female Victims,3.0
55,Mizoram,2002,Murder - Female Victims,8.0
56,Nagaland,2002,Murder - Female Victims,1.0
57,Odisha,2002,Murder - Female Victims,201.0
58,Puducherry,2002,Murder - Female Victims,1.0
59,Punjab,2002,Murder - Female Victims,74.0
60,Rajasthan,2002,Murder - Female Victims,131.0
61,Tamil Nadu,2002,Murder - Female Victims,259.0
62,Tripura,2002,Murder - Female Victims,10.0
63,Uttar Pradesh,2002,Murder - Female Victims,724.0
64,Uttarakhand,2002,Murder - Female Victims,23.0
65,West Bengal,2002,Murder - Female Victims,188.0
66,Andaman & Nicobar Islands,2003,Murder - Female Victims,2.0
67,Andhra Pradesh,2003,Murder - Female Victims,378.0
68,Arunachal Pradesh,2003,Murder - Female Victims,0.0
69,Assam,2003,Murder - Female Victims,68.0
70,Bihar,2003,Murder - Female Victims,235.0
71,Chandigarh,2003,Murder - Female Victims,3.0
72,Chhattisgarh,2003,Murder - Female Victims,84.0
73,Dadra & Nagar Haveli,2003,Murder - Female Victims,1.0
74,Daman & Diu,2003,Murder - Female Victims,0.0
75,Delhi,2003,Murder - Female Victims,44.0
76,Goa,2003,Murder - Female Victims,5.0
77,Gujarat,2003,Murder - Female Victims,160.0
78,Haryana,2003,Murder - Female Victims,93.0
79,Himachal Pradesh,2003,Murder - Female Victims,12.0
80,Jammu & Kashmir,2003,Murder - Female Victims,57.0
81,Jharkhand,2003,Murder - Female Victims,177.0
82,Karnataka,2003,Murder - Female Victims,249.0
83,Kerala,2003,Murder - Female Victims,28.0
84,Madhya Pradesh,2003,Murder - Female Victims,194.0
85,Maharashtra,2003,Murder - Female Victims,533.0
86,Manipur,2003,Murder - Female Victims,8.0
87,Meghalaya,2003,Murder - Female Victims,4.0
88,Mizoram,2003,Murder - Female Victims,5.0
89,Nagaland,2003,Murder - Female Victims,5.0
90,Odisha,2003,Murder - Female Victims,178.0
91,Puducherry,2003,Murder - Female Victims,3.0
92,Punjab,2003,Murder - Female Victims,89.0
93,Rajasthan,2003,Murder - Female Victims,123.0
94,Sikkim,2003,Murder - Female Victims,4.0
95,Tamil Nadu,2003,Murder - Female Victims,239.0
96,Tripura,2003,Murder - Female Victims,18.0
97,Uttar Pradesh,2003,Murder - Female Victims,427.0
98,Uttarakhand,2003,Murder - Female Victims,28.0
99,West Bengal,2003,Murder - Female Victims,186.0
100,Andaman & Nicobar Islands,2004,Murder - Female Victims,0.0
101,Andhra Pradesh,2004,Murder - Female Victims,301.0
102,Arunachal Pradesh,2004,Murder - Female Victims,0.0
103,Assam,2004,Murder - Female Victims,55.0
104,Bihar,2004,Murder - Female Victims,269.0
105,Chandigarh,2004,Murder - Female Victims,3.0
106,Chhattisgarh,2004,Murder - Female Victims,96.0
107,Dadra & Nagar Haveli,2004,Murder - Female Victims,0.0
108,Daman & Diu,2004,Murder - Female Victims,1.0
109,Delhi,2004,Murder - Female Victims,51.0
110,Goa,2004,Murder - Female Victims,7.0
111,Gujarat,2004,Murder - Female Victims,157.0
112,Haryana,2004,Murder - Female Victims,100.0
113,Himachal Pradesh,2004,Murder - Female Victims,7.0
114,Jammu & Kashmir,2004,Murder - Female Victims,58.0
115,Jharkhand,2004,Murder - Female Victims,179.0
116,Karnataka,2004,Murder - Female Victims,313.0
117,Kerala,2004,Murder - Female Victims,26.0
118,Madhya Pradesh,2004,Murder - Female Victims,262.0
119,Maharashtra,2004,Murder - Female Victims,523.0
120,Manipur,2004,Murder - Female Victims,8.0
121,Meghalaya,2004,Murder - Female Victims,6.0
122,Mizoram,2004,Murder - Female Victims,2.0
123,Nagaland,2004,Murder - Female Victims,8.0
124,Odisha,2004,Murder - Female Victims,221.0
125,Puducherry,2004,Murder - Female Victims,1.0
126,Punjab,2004,Murder - Female Victims,84.0
127,Rajasthan,2004,Murder - Female Victims,146.0
128,Sikkim,2004,Murder - Female Victims,2.0
129,Tamil Nadu,2004,Murder - Female Victims,240.0
130,Tripura,2004,Murder - Female Victims,27.0
131,Uttar Pradesh,2004,Murder - Female Victims,613.0
132,Uttarakhand,2004,Murder - Female Victims,22.0
133,West Bengal,2004,Murder - Female Victims,218.0
134,Andaman & Nicobar Islands,2005,Murder - Female Victims,1.0
135,Andhra Pradesh,2005,Murder - Female Victims,324.0
136,Arunachal Pradesh,2005,Murder - Female Victims,1.0
137,Assam,2005,Murder - Female Victims,42.0
138,Bihar,2005,Murder - Female Victims,310.0
139,Chandigarh,2005,Murder - Female Victims,1.0
140,Chhattisgarh,2005,Murder - Female Victims,125.0
141,Delhi,2005,Murder - Female Victims,87.0
142,Goa,2005,Murder - Female Victims,7.0
143,Gujarat,2005,Murder - Female Victims,125.0
144,Haryana,2005,Murder - Female Victims,80.0
145,Himachal Pradesh,2005,Murder - Female Victims,13.0
146,Jammu & Kashmir,2005,Murder - Female Victims,64.0
147,Jharkhand,2005,Murder - Female Victims,62.0
148,Karnataka,2005,Murder - Female Victims,306.0
149,Kerala,2005,Murder - Female Victims,25.0
150,Lakshadweep,2005,Murder - Female Victims,1.0
151,Madhya Pradesh,2005,Murder - Female Victims,248.0
152,Maharashtra,2005,Murder - Female Victims,488.0
153,Manipur,2005,Murder - Female Victims,12.0
154,Meghalaya,2005,Murder - Female Victims,8.0
155,Mizoram,2005,Murder - Female Victims,2.0
156,Nagaland,2005,Murder - Female Victims,13.0
157,Odisha,2005,Murder - Female Victims,162.0
158,Puducherry,2005,Murder - Female Victims,5.0
159,Punjab,2005,Murder - Female Victims,87.0
160,Rajasthan,2005,Murder - Female Victims,124.0
161,Sikkim,2005,Murder - Female Victims,2.0
162,Tamil Nadu,2005,Murder - Female Victims,199.0
163,Tripura,2005,Murder - Female Victims,49.0
164,Uttar Pradesh,2005,Murder - Female Victims,695.0
165,Uttarakhand,2005,Murder - Female Victims,25.0
166,West Bengal,2005,Murder - Female Victims,269.0
167,Andaman & Nicobar Islands,2006,Murder - Female Victims,
168,Andhra Pradesh,2006,Murder - Female Victims,322.0
169,Arunachal Pradesh,2006,Murder - Female Victims,0.0
170,Assam,2006,Murder - Female Victims,43.0
171,Bihar,2006,Murder - Female Victims,282.0
172,Chandigarh,2006,Murder - Female Victims,0.0
173,Chhattisgarh,2006,Murder - Female Victims,159.0
174,Dadra & Nagar Haveli,2006,Murder - Female Victims,2.0
175,Daman & Diu,2006,Murder - Female Victims,0.0
176,Delhi,2006,Murder - Female Victims,75.0
177,Goa,2006,Murder - Female Victims,4.0
178,Gujarat,2006,Murder - Female Victims,150.0
179,Haryana,2006,Murder - Female Victims,90.0
180,Himachal Pradesh,2006,Murder - Female Victims,11.0
181,Jammu & Kashmir,2006,Murder - Female Victims,37.0
182,Jharkhand,2006,Murder - Female Victims,83.0
183,Karnataka,2006,Murder - Female Victims,294.0
184,Kerala,2006,Murder - Female Victims,30.0
185,Madhya Pradesh,2006,Murder - Female Victims,200.0
186,Maharashtra,2006,Murder - Female Victims,482.0
187,Manipur,2006,Murder - Female Victims,5.0
188,Meghalaya,2006,Murder - Female Victims,7.0
189,Mizoram,2006,Murder - Female Victims,3.0
190,Nagaland,2006,Murder - Female Victims,3.0
191,Odisha,2006,Murder - Female Victims,192.0
192,Puducherry,2006,Murder - Female Victims,3.0
193,Punjab,2006,Murder - Female Victims,120.0
194,Rajasthan,2006,Murder - Female Victims,113.0
195,Sikkim,2006,Murder - Female Victims,3.0
196,Tamil Nadu,2006,Murder - Female Victims,206.0
197,Tripura,2006,Murder - Female Victims,22.0
198,Uttar Pradesh,2006,Murder - Female Victims,408.0
199,Uttarakhand,2006,Murder - Female Victims,17.0
200,West Bengal,2006,Murder - Female Victims,335.0
201,Andaman & Nicobar Islands,2007,Murder - Female Victims,3.0
202,Andhra Pradesh,2007,Murder - Female Victims,415.0
203,Arunachal Pradesh,2007,Murder - Female Victims,3.0
204,Assam,2007,Murder - Female Victims,51.0
205,Bihar,2007,Murder - Female Victims,237.0
206,Chandigarh,2007,Murder - Female Victims,3.0
207,Chhattisgarh,2007,Murder - Female Victims,100.0
208,Dadra & Nagar Haveli,2007,Murder - Female Victims,2.0
209,Daman & Diu,2007,Murder - Female Victims,1.0
210,Delhi,2007,Murder - Female Victims,71.0
211,Goa,2007,Murder - Female Victims,6.0
212,Gujarat,2007,Murder - Female Victims,117.0
213,Haryana,2007,Murder - Female Victims,84.0
214,Himachal Pradesh,2007,Murder - Female Victims,15.0
215,Jammu & Kashmir,2007,Murder - Female Victims,26.0
216,Jharkhand,2007,Murder - Female Victims,87.0
217,Karnataka,2007,Murder - Female Victims,289.0
218,Kerala,2007,Murder - Female Victims,34.0
219,Madhya Pradesh,2007,Murder - Female Victims,253.0
220,Maharashtra,2007,Murder - Female Victims,521.0
221,Manipur,2007,Murder - Female Victims,8.0
222,Meghalaya,2007,Murder - Female Victims,3.0
223,Mizoram,2007,Murder - Female Victims,11.0
224,Nagaland,2007,Murder - Female Victims,9.0
225,Odisha,2007,Murder - Female Victims,242.0
226,Puducherry,2007,Murder - Female Victims,4.0
227,Punjab,2007,Murder - Female Victims,120.0
228,Rajasthan,2007,Murder - Female Victims,143.0
229,Sikkim,2007,Murder - Female Victims,2.0
230,Tamil Nadu,2007,Murder - Female Victims,261.0
231,Tripura,2007,Murder - Female Victims,19.0
232,Uttar Pradesh,2007,Murder - Female Victims,382.0
233,Uttarakhand,2007,Murder - Female Victims,53.0
234,West Bengal,2007,Murder - Female Victims,441.0
235,Andaman & Nicobar Islands,2008,Murder - Female Victims,
236,Andhra Pradesh,2008,Murder - Female Victims,411.0
237,Arunachal Pradesh,2008,Murder - Female Victims,0.0
238,Assam,2008,Murder - Female Victims,61.0
239,Bihar,2008,Murder - Female Victims,436.0
240,Chandigarh,2008,Murder - Female Victims,3.0
241,Chhattisgarh,2008,Murder - Female Victims,129.0
242,Dadra & Nagar Haveli,2008,Murder - Female Victims,
243,Daman & Diu,2008,Murder - Female Victims,0.0
244,Delhi,2008,Murder - Female Victims,63.0
245,Goa,2008,Murder - Female Victims,8.0
246,Gujarat,2008,Murder - Female Victims,137.0
247,Haryana,2008,Murder - Female Victims,97.0
248,Himachal Pradesh,2008,Murder - Female Victims,10.0
249,Jammu & Kashmir,2008,Murder - Female Victims,13.0
250,Jharkhand,2008,Murder - Female Victims,115.0
251,Karnataka,2008,Murder - Female Victims,272.0
252,Kerala,2008,Murder - Female Victims,24.0
253,Lakshadweep,2008,Murder - Female Victims,
254,Madhya Pradesh,2008,Murder - Female Victims,235.0
255,Maharashtra,2008,Murder - Female Victims,541.0
256,Manipur,2008,Murder - Female Victims,9.0
257,Meghalaya,2008,Murder - Female Victims,11.0
258,Mizoram,2008,Murder - Female Victims,1.0
259,Nagaland,2008,Murder - Female Victims,5.0
260,Odisha,2008,Murder - Female Victims,257.0
261,Puducherry,2008,Murder - Female Victims,5.0
262,Punjab,2008,Murder - Female Victims,120.0
263,Rajasthan,2008,Murder - Female Victims,129.0
264,Sikkim,2008,Murder - Female Victims,3.0
265,Tamil Nadu,2008,Murder - Female Victims,233.0
266,Tripura,2008,Murder - Female Victims,36.0
267,Uttar Pradesh,2008,Murder - Female Victims,360.0
268,Uttarakhand,2008,Murder - Female Victims,29.0
269,West Bengal,2008,Murder - Female Victims,175.0
270,Andaman & Nicobar Islands,2009,Murder - Female Victims,3.0
271,Andhra Pradesh,2009,Murder - Female Victims,379.0
272,Arunachal Pradesh,2009,Murder - Female Victims,1.0
273,Assam,2009,Murder - Female Victims,62.0
274,Bihar,2009,Murder - Female Victims,439.0
275,Chandigarh,2009,Murder - Female Victims,1.0
276,Chhattisgarh,2009,Murder - Female Victims,124.0
277,Dadra & Nagar Haveli,2009,Murder - Female Victims,3.0
278,Daman & Diu,2009,Murder - Female Victims,1.0
279,Delhi,2009,Murder - Female Victims,48.0
280,Goa,2009,Murder - Female Victims,14.0
281,Gujarat,2009,Murder - Female Victims,120.0
282,Haryana,2009,Murder - Female Victims,96.0
283,Himachal Pradesh,2009,Murder - Female Victims,10.0
284,Jammu & Kashmir,2009,Murder - Female Victims,26.0
285,Jharkhand,2009,Murder - Female Victims,119.0
286,Karnataka,2009,Murder - Female Victims,335.0
287,Kerala,2009,Murder - Female Victims,20.0
288,Madhya Pradesh,2009,Murder - Female Victims,277.0
289,Maharashtra,2009,Murder - Female Victims,490.0
290,Manipur,2009,Murder - Female Victims,5.0
291,Meghalaya,2009,Murder - Female Victims,16.0
292,Mizoram,2009,Murder - Female Victims,3.0
293,Nagaland,2009,Murder - Female Victims,9.0
294,Odisha,2009,Murder - Female Victims,215.0
295,Puducherry,2009,Murder - Female Victims,3.0
296,Punjab,2009,Murder - Female Victims,92.0
297,Rajasthan,2009,Murder - Female Victims,150.0
298,Sikkim,2009,Murder - Female Victims,3.0
299,Tamil Nadu,2009,Murder - Female Victims,214.0
300,Tripura,2009,Murder - Female Victims,22.0
301,Uttar Pradesh,2009,Murder - Female Victims,443.0
302,Uttarakhand,2009,Murder - Female Victims,38.0
303,West Bengal,2009,Murder - Female Victims,409.0
304,Andaman & Nicobar Islands,2010,Murder - Female Victims,
305,Andhra Pradesh,2010,Murder - Female Victims,235.0
306,Arunachal Pradesh,2010,Murder - Female Victims,2.0
307,Assam,2010,Murder - Female Victims,51.0
308,Bihar,2010,Murder - Female Victims,370.0
309,Chandigarh,2010,Murder - Female Victims,1.0
310,Chhattisgarh,2010,Murder - Female Victims,127.0
311,Dadra & Nagar Haveli,2010,Murder - Female Victims,1.0
312,Delhi,2010,Murder - Female Victims,55.0
313,Goa,2010,Murder - Female Victims,5.0
314,Gujarat,2010,Murder - Female Victims,131.0
315,Haryana,2010,Murder - Female Victims,99.0
316,Himachal Pradesh,2010,Murder - Female Victims,11.0
317,Jammu & Kashmir,2010,Murder - Female Victims,15.0
318,Jharkhand,2010,Murder - Female Victims,141.0
319,Karnataka,2010,Murder - Female Victims,377.0
320,Kerala,2010,Murder - Female Victims,24.0
321,Madhya Pradesh,2010,Murder - Female Victims,246.0
322,Maharashtra,2010,Murder - Female Victims,552.0
323,Manipur,2010,Murder - Female Victims,5.0
324,Meghalaya,2010,Murder - Female Victims,5.0
325,Mizoram,2010,Murder - Female Victims,0.0
326,Nagaland,2010,Murder - Female Victims,1.0
327,Odisha,2010,Murder - Female Victims,262.0
328,Puducherry,2010,Murder - Female Victims,3.0
329,Punjab,2010,Murder - Female Victims,107.0
330,Rajasthan,2010,Murder - Female Victims,130.0
331,Sikkim,2010,Murder - Female Victims,3.0
332,Tamil Nadu,2010,Murder - Female Victims,236.0
333,Tripura,2010,Murder - Female Victims,24.0
334,Uttar Pradesh,2010,Murder - Female Victims,421.0
335,Uttarakhand,2010,Murder - Female Victims,25.0
336,West Bengal,2010,Murder - Female Victims,542.0
337,Andaman & Nicobar Islands,2001,Murder - Male Victims,3.0
338,Andhra Pradesh,2001,Murder - Male Victims,827.0
339,Arunachal Pradesh,2001,Murder - Male Victims,31.0
340,Assam,2001,Murder - Male Victims,577.0
341,Bihar,2001,Murder - Male Victims,1484.0
342,Chandigarh,2001,Murder - Male Victims,4.0
343,Chhattisgarh,2001,Murder - Male Victims,341.0
344,Dadra & Nagar Haveli,2001,Murder - Male Victims,1.0
345,Delhi,2001,Murder - Male Victims,231.0
346,Goa,2001,Murder - Male Victims,11.0
347,Gujarat,2001,Murder - Male Victims,335.0
348,Haryana,2001,Murder - Male Victims,291.0
349,Himachal Pradesh,2001,Murder - Male Victims,29.0
350,Jammu & Kashmir,2001,Murder - Male Victims,385.0
351,Jharkhand,2001,Murder - Male Victims,470.0
352,Karnataka,2001,Murder - Male Victims,450.0
353,Kerala,2001,Murder - Male Victims,88.0
354,Madhya Pradesh,2001,Murder - Male Victims,693.0
355,Maharashtra,2001,Murder - Male Victims,740.0
356,Manipur,2001,Murder - Male Victims,137.0
357,Meghalaya,2001,Murder - Male Victims,112.0
358,Mizoram,2001,Murder - Male Victims,8.0
359,Nagaland,2001,Murder - Male Victims,64.0
360,Odisha,2001,Murder - Male Victims,350.0
361,Puducherry,2001,Murder - Male Victims,5.0
362,Punjab,2001,Murder - Male Victims,268.0
363,Rajasthan,2001,Murder - Male Victims,389.0
364,Sikkim,2001,Murder - Male Victims,7.0
365,Tamil Nadu,2001,Murder - Male Victims,391.0
366,Tripura,2001,Murder - Male Victims,90.0
367,Uttar Pradesh,2001,Murder - Male Victims,3098.0
368,Uttarakhand,2001,Murder - Male Victims,52.0
369,West Bengal,2001,Murder - Male Victims,676.0
370,Andaman & Nicobar Islands,2002,Murder - Male Victims,4.0
371,Andhra Pradesh,2002,Murder - Male Victims,949.0
372,Arunachal Pradesh,2002,Murder - Male Victims,31.0
373,Assam,2002,Murder - Male Victims,763.0
374,Bihar,2002,Murder - Male Victims,1874.0
375,Chandigarh,2002,Murder - Male Victims,9.0
376,Chhattisgarh,2002,Murder - Male Victims,153.0
377,Dadra & Nagar Haveli,2002,Murder - Male Victims,2.0
378,Daman & Diu,2002,Murder - Male Victims,3.0
379,Delhi,2002,Murder - Male Victims,243.0
380,Goa,2002,Murder - Male Victims,9.0
381,Gujarat,2002,Murder - Male Victims,723.0
382,Haryana,2002,Murder - Male Victims,336.0
383,Himachal Pradesh,2002,Murder - Male Victims,36.0
384,Jammu & Kashmir,2002,Murder - Male Victims,493.0
385,Jharkhand,2002,Murder - Male Victims,495.0
386,Karnataka,2002,Murder - Male Victims,480.0
387,Kerala,2002,Murder - Male Victims,87.0
388,Madhya Pradesh,2002,Murder - Male Victims,891.0
389,Maharashtra,2002,Murder - Male Victims,716.0
390,Manipur,2002,Murder - Male Victims,123.0
391,Meghalaya,2002,Murder - Male Victims,76.0
392,Mizoram,2002,Murder - Male Victims,15.0
393,Nagaland,2002,Murder - Male Victims,71.0
394,Odisha,2002,Murder - Male Victims,378.0
395,Puducherry,2002,Murder - Male Victims,6.0
396,Punjab,2002,Murder - Male Victims,245.0
397,Rajasthan,2002,Murder - Male Victims,432.0
398,Sikkim,2002,Murder - Male Victims,4.0
399,Tamil Nadu,2002,Murder - Male Victims,512.0
400,Tripura,2002,Murder - Male Victims,95.0
401,Uttar Pradesh,2002,Murder - Male Victims,2824.0
402,Uttarakhand,2002,Murder - Male Victims,77.0
403,West Bengal,2002,Murder - Male Victims,664.0
404,Andaman & Nicobar Islands,2003,Murder - Male Victims,6.0
405,Andhra Pradesh,2003,Murder - Male Victims,992.0
406,Arunachal Pradesh,2003,Murder - Male Victims,64.0
407,Assam,2003,Murder - Male Victims,571.0
408,Bihar,2003,Murder - Male Victims,1637.0
409,Chandigarh,2003,Murder - Male Victims,5.0
410,Chhattisgarh,2003,Murder - Male Victims,228.0
411,Dadra & Nagar Haveli,2003,Murder - Male Victims,3.0
412,Daman & Diu,2003,Murder - Male Victims,0.0
413,Delhi,2003,Murder - Male Victims,210.0
414,Goa,2003,Murder - Male Victims,6.0
415,Gujarat,2003,Murder - Male Victims,297.0
416,Haryana,2003,Murder - Male Victims,308.0
417,Himachal Pradesh,2003,Murder - Male Victims,31.0
418,Jammu & Kashmir,2003,Murder - Male Victims,375.0
419,Jharkhand,2003,Murder - Male Victims,506.0
420,Karnataka,2003,Murder - Male Victims,399.0
421,Kerala,2003,Murder - Male Victims,92.0
422,Madhya Pradesh,2003,Murder - Male Victims,790.0
423,Maharashtra,2003,Murder - Male Victims,717.0
424,Manipur,2003,Murder - Male Victims,109.0
425,Meghalaya,2003,Murder - Male Victims,60.0
426,Mizoram,2003,Murder - Male Victims,11.0
427,Nagaland,2003,Murder - Male Victims,65.0
428,Odisha,2003,Murder - Male Victims,363.0
429,Puducherry,2003,Murder - Male Victims,8.0
430,Punjab,2003,Murder - Male Victims,249.0
431,Rajasthan,2003,Murder - Male Victims,437.0
432,Sikkim,2003,Murder - Male Victims,5.0
433,Tamil Nadu,2003,Murder - Male Victims,357.0
434,Tripura,2003,Murder - Male Victims,117.0
435,Uttar Pradesh,2003,Murder - Male Victims,2011.0
436,Uttarakhand,2003,Murder - Male Victims,87.0
437,West Bengal,2003,Murder - Male Victims,606.0
438,Andaman & Nicobar Islands,2004,Murder - Male Victims,2.0
439,Andhra Pradesh,2004,Murder - Male Victims,856.0
440,Arunachal Pradesh,2004,Murder - Male Victims,36.0
441,Assam,2004,Murder - Male Victims,636.0
442,Bihar,2004,Murder - Male Victims,1906.0
443,Chandigarh,2004,Murder - Male Victims,5.0
444,Chhattisgarh,2004,Murder - Male Victims,235.0
445,Dadra & Nagar Haveli,2004,Murder - Male Victims,3.0
446,Daman & Diu,2004,Murder - Male Victims,1.0
447,Delhi,2004,Murder - Male Victims,170.0
448,Goa,2004,Murder - Male Victims,8.0
449,Gujarat,2004,Murder - Male Victims,315.0
450,Haryana,2004,Murder - Male Victims,278.0
451,Himachal Pradesh,2004,Murder - Male Victims,30.0
452,Jammu & Kashmir,2004,Murder - Male Victims,438.0
453,Jharkhand,2004,Murder - Male Victims,507.0
454,Karnataka,2004,Murder - Male Victims,432.0
455,Kerala,2004,Murder - Male Victims,68.0
456,Madhya Pradesh,2004,Murder - Male Victims,826.0
457,Maharashtra,2004,Murder - Male Victims,653.0
458,Manipur,2004,Murder - Male Victims,117.0
459,Meghalaya,2004,Murder - Male Victims,97.0
460,Mizoram,2004,Murder - Male Victims,13.0
461,Nagaland,2004,Murder - Male Victims,28.0
462,Odisha,2004,Murder - Male Victims,389.0
463,Puducherry,2004,Murder - Male Victims,11.0
464,Punjab,2004,Murder - Male Victims,250.0
465,Rajasthan,2004,Murder - Male Victims,422.0
466,Sikkim,2004,Murder - Male Victims,2.0
467,Tamil Nadu,2004,Murder - Male Victims,372.0
468,Tripura,2004,Murder - Male Victims,97.0
469,Uttar Pradesh,2004,Murder - Male Victims,2224.0
470,Uttarakhand,2004,Murder - Male Victims,108.0
471,West Bengal,2004,Murder - Male Victims,518.0
472,Andaman & Nicobar Islands,2005,Murder - Male Victims,4.0
473,Andhra Pradesh,2005,Murder - Male Victims,953.0
474,Arunachal Pradesh,2005,Murder - Male Victims,58.0
475,Assam,2005,Murder - Male Victims,672.0
476,Bihar,2005,Murder - Male Victims,1850.0
477,Chandigarh,2005,Murder - Male Victims,6.0
478,Chhattisgarh,2005,Murder - Male Victims,280.0
479,Dadra & Nagar Haveli,2005,Murder - Male Victims,2.0
480,Daman & Diu,2005,Murder - Male Victims,4.0
481,Delhi,2005,Murder - Male Victims,197.0
482,Goa,2005,Murder - Male Victims,7.0
483,Gujarat,2005,Murder - Male Victims,293.0
484,Haryana,2005,Murder - Male Victims,286.0
485,Himachal Pradesh,2005,Murder - Male Victims,27.0
486,Jammu & Kashmir,2005,Murder - Male Victims,361.0
487,Jharkhand,2005,Murder - Male Victims,390.0
488,Karnataka,2005,Murder - Male Victims,473.0
489,Kerala,2005,Murder - Male Victims,62.0
490,Madhya Pradesh,2005,Murder - Male Victims,771.0
491,Maharashtra,2005,Murder - Male Victims,634.0
492,Manipur,2005,Murder - Male Victims,174.0
493,Meghalaya,2005,Murder - Male Victims,49.0
494,Mizoram,2005,Murder - Male Victims,13.0
495,Nagaland,2005,Murder - Male Victims,35.0
496,Odisha,2005,Murder - Male Victims,373.0
497,Puducherry,2005,Murder - Male Victims,3.0
498,Punjab,2005,Murder - Male Victims,244.0
499,Rajasthan,2005,Murder - Male Victims,399.0
500,Sikkim,2005,Murder - Male Victims,1.0
501,Tamil Nadu,2005,Murder - Male Victims,353.0
502,Tripura,2005,Murder - Male Victims,42.0
503,Uttar Pradesh,2005,Murder - Male Victims,2425.0
504,Uttarakhand,2005,Murder - Male Victims,102.0
505,West Bengal,2005,Murder - Male Victims,673.0
506,Andaman & Nicobar Islands,2006,Murder - Male Victims,1.0
507,Andhra Pradesh,2006,Murder - Male Victims,1045.0
508,Arunachal Pradesh,2006,Murder - Male Victims,40.0
509,Assam,2006,Murder - Male Victims,648.0
510,Bihar,2006,Murder - Male Victims,1651.0
511,Chandigarh,2006,Murder - Male Victims,2.0
512,Chhattisgarh,2006,Murder - Male Victims,268.0
513,Dadra & Nagar Haveli,2006,Murder - Male Victims,1.0
514,Daman & Diu,2006,Murder - Male Victims,3.0
515,Delhi,2006,Murder - Male Victims,208.0
516,Goa,2006,Murder - Male Victims,8.0
517,Gujarat,2006,Murder - Male Victims,347.0
518,Haryana,2006,Murder - Male Victims,314.0
519,Himachal Pradesh,2006,Murder - Male Victims,37.0
520,Jammu & Kashmir,2006,Murder - Male Victims,287.0
521,Jharkhand,2006,Murder - Male Victims,474.0
522,Karnataka,2006,Murder - Male Victims,463.0
523,Kerala,2006,Murder - Male Victims,72.0
524,Madhya Pradesh,2006,Murder - Male Victims,700.0
525,Maharashtra,2006,Murder - Male Victims,726.0
526,Manipur,2006,Murder - Male Victims,122.0
527,Meghalaya,2006,Murder - Male Victims,75.0
528,Mizoram,2006,Murder - Male Victims,17.0
529,Nagaland,2006,Murder - Male Victims,74.0
530,Odisha,2006,Murder - Male Victims,368.0
531,Puducherry,2006,Murder - Male Victims,9.0
532,Punjab,2006,Murder - Male Victims,266.0
533,Rajasthan,2006,Murder - Male Victims,392.0
534,Sikkim,2006,Murder - Male Victims,2.0
535,Tamil Nadu,2006,Murder - Male Victims,286.0
536,Tripura,2006,Murder - Male Victims,49.0
537,Uttar Pradesh,2006,Murder - Male Victims,2405.0
538,Uttarakhand,2006,Murder - Male Victims,79.0
539,West Bengal,2006,Murder - Male Victims,546.0
540,Andaman & Nicobar Islands,2007,Murder - Male Victims,3.0
541,Andhra Pradesh,2007,Murder - Male Victims,874.0
542,Arunachal Pradesh,2007,Murder - Male Victims,41.0
543,Assam,2007,Murder - Male Victims,766.0
544,Bihar,2007,Murder - Male Victims,1451.0
545,Chandigarh,2007,Murder - Male Victims,7.0
546,Chhattisgarh,2007,Murder - Male Victims,281.0
547,Dadra & Nagar Haveli,2007,Murder - Male Victims,1.0
548,Daman & Diu,2007,Murder - Male Victims,3.0
549,Delhi,2007,Murder - Male Victims,205.0
550,Goa,2007,Murder - Male Victims,3.0
551,Gujarat,2007,Murder - Male Victims,289.0
552,Haryana,2007,Murder - Male Victims,332.0
553,Himachal Pradesh,2007,Murder - Male Victims,31.0
554,Jammu & Kashmir,2007,Murder - Male Victims,170.0
555,Jharkhand,2007,Murder - Male Victims,550.0
556,Karnataka,2007,Murder - Male Victims,381.0
557,Kerala,2007,Murder - Male Victims,54.0
558,Madhya Pradesh,2007,Murder - Male Victims,697.0
559,Maharashtra,2007,Murder - Male Victims,654.0
560,Manipur,2007,Murder - Male Victims,140.0
561,Meghalaya,2007,Murder - Male Victims,36.0
562,Mizoram,2007,Murder - Male Victims,15.0
563,Nagaland,2007,Murder - Male Victims,42.0
564,Odisha,2007,Murder - Male Victims,395.0
565,Puducherry,2007,Murder - Male Victims,17.0
566,Punjab,2007,Murder - Male Victims,266.0
567,Rajasthan,2007,Murder - Male Victims,393.0
568,Sikkim,2007,Murder - Male Victims,3.0
569,Tamil Nadu,2007,Murder - Male Victims,346.0
570,Tripura,2007,Murder - Male Victims,33.0
571,Uttar Pradesh,2007,Murder - Male Victims,2050.0
572,Uttarakhand,2007,Murder - Male Victims,111.0
573,West Bengal,2007,Murder - Male Victims,527.0
574,Andaman & Nicobar Islands,2008,Murder - Male Victims,2.0
575,Andhra Pradesh,2008,Murder - Male Victims,855.0
576,Arunachal Pradesh,2008,Murder - Male Victims,40.0
577,Assam,2008,Murder - Male Victims,790.0
578,Bihar,2008,Murder - Male Victims,1401.0
579,Chandigarh,2008,Murder - Male Victims,7.0
580,Chhattisgarh,2008,Murder - Male Victims,282.0
581,Dadra & Nagar Haveli,2008,Murder - Male Victims,
582,Daman & Diu,2008,Murder - Male Victims,0.0
583,Delhi,2008,Murder - Male Victims,139.0
584,Goa,2008,Murder - Male Victims,10.0
585,Gujarat,2008,Murder - Male Victims,312.0
586,Haryana,2008,Murder - Male Victims,307.0
587,Himachal Pradesh,2008,Murder - Male Victims,27.0
588,Jammu & Kashmir,2008,Murder - Male Victims,94.0
589,Jharkhand,2008,Murder - Male Victims,726.0
590,Karnataka,2008,Murder - Male Victims,428.0
591,Kerala,2008,Murder - Male Victims,62.0
592,Madhya Pradesh,2008,Murder - Male Victims,695.0
593,Maharashtra,2008,Murder - Male Victims,700.0
594,Manipur,2008,Murder - Male Victims,132.0
595,Meghalaya,2008,Murder - Male Victims,54.0
596,Mizoram,2008,Murder - Male Victims,23.0
597,Nagaland,2008,Murder - Male Victims,81.0
598,Odisha,2008,Murder - Male Victims,276.0
599,Puducherry,2008,Murder - Male Victims,12.0
600,Punjab,2008,Murder - Male Victims,266.0
601,Rajasthan,2008,Murder - Male Victims,398.0
602,Sikkim,2008,Murder - Male Victims,1.0
603,Tamil Nadu,2008,Murder - Male Victims,364.0
604,Tripura,2008,Murder - Male Victims,21.0
605,Uttar Pradesh,2008,Murder - Male Victims,1927.0
606,Uttarakhand,2008,Murder - Male Victims,139.0
607,West Bengal,2008,Murder - Male Victims,735.0
608,Andaman & Nicobar Islands,2009,Murder - Male Victims,3.0
609,Andhra Pradesh,2009,Murder - Male Victims,668.0
610,Arunachal Pradesh,2009,Murder - Male Victims,30.0
611,Assam,2009,Murder - Male Victims,784.0
612,Bihar,2009,Murder - Male Victims,1419.0
613,Chandigarh,2009,Murder - Male Victims,11.0
614,Chhattisgarh,2009,Murder - Male Victims,231.0
615,Dadra & Nagar Haveli,2009,Murder - Male Victims,1.0
616,Daman & Diu,2009,Murder - Male Victims,1.0
617,Delhi,2009,Murder - Male Victims,243.0
618,Goa,2009,Murder - Male Victims,8.0
619,Gujarat,2009,Murder - Male Victims,266.0
620,Haryana,2009,Murder - Male Victims,331.0
621,Himachal Pradesh,2009,Murder - Male Victims,31.0
622,Jammu & Kashmir,2009,Murder - Male Victims,98.0
623,Jharkhand,2009,Murder - Male Victims,609.0
624,Karnataka,2009,Murder - Male Victims,363.0
625,Kerala,2009,Murder - Male Victims,60.0
626,Madhya Pradesh,2009,Murder - Male Victims,672.0
627,Maharashtra,2009,Murder - Male Victims,681.0
628,Manipur,2009,Murder - Male Victims,56.0
629,Meghalaya,2009,Murder - Male Victims,69.0
630,Mizoram,2009,Murder - Male Victims,8.0
631,Nagaland,2009,Murder - Male Victims,21.0
632,Odisha,2009,Murder - Male Victims,336.0
633,Puducherry,2009,Murder - Male Victims,13.0
634,Punjab,2009,Murder - Male Victims,251.0
635,Rajasthan,2009,Murder - Male Victims,424.0
636,Sikkim,2009,Murder - Male Victims,7.0
637,Tamil Nadu,2009,Murder - Male Victims,364.0
638,Tripura,2009,Murder - Male Victims,34.0
639,Uttar Pradesh,2009,Murder - Male Victims,1816.0
640,Uttarakhand,2009,Murder - Male Victims,72.0
641,West Bengal,2009,Murder - Male Victims,708.0
642,Andaman & Nicobar Islands,2010,Murder - Male Victims,2.0
643,Andhra Pradesh,2010,Murder - Male Victims,962.0
644,Arunachal Pradesh,2010,Murder - Male Victims,53.0
645,Assam,2010,Murder - Male Victims,712.0
646,Bihar,2010,Murder - Male Victims,1491.0
647,Chandigarh,2010,Murder - Male Victims,5.0
648,Chhattisgarh,2010,Murder - Male Victims,231.0
649,Dadra & Nagar Haveli,2010,Murder - Male Victims,
650,Daman & Diu,2010,Murder - Male Victims,4.0
651,Delhi,2010,Murder - Male Victims,238.0
652,Goa,2010,Murder - Male Victims,9.0
653,Gujarat,2010,Murder - Male Victims,312.0
654,Haryana,2010,Murder - Male Victims,367.0
655,Himachal Pradesh,2010,Murder - Male Victims,31.0
656,Jammu & Kashmir,2010,Murder - Male Victims,91.0
657,Jharkhand,2010,Murder - Male Victims,895.0
658,Karnataka,2010,Murder - Male Victims,481.0
659,Kerala,2010,Murder - Male Victims,60.0
660,Madhya Pradesh,2010,Murder - Male Victims,732.0
661,Maharashtra,2010,Murder - Male Victims,670.0
662,Manipur,2010,Murder - Male Victims,26.0
663,Meghalaya,2010,Murder - Male Victims,64.0
664,Mizoram,2010,Murder - Male Victims,8.0
665,Nagaland,2010,Murder - Male Victims,19.0
666,Odisha,2010,Murder - Male Victims,304.0
667,Puducherry,2010,Murder - Male Victims,10.0
668,Punjab,2010,Murder - Male Victims,277.0
669,Rajasthan,2010,Murder - Male Victims,437.0
670,Sikkim,2010,Murder - Male Victims,1.0
671,Tamil Nadu,2010,Murder - Male Victims,414.0
672,Tripura,2010,Murder - Male Victims,36.0
673,Uttar Pradesh,2010,Murder - Male Victims,1937.0
674,Uttarakhand,2010,Murder - Male Victims,66.0
675,West Bengal,2010,Murder - Male Victims,635.0
676,Andaman & Nicobar Islands,2001,Murder - Total Victims,7.0
677,Andhra Pradesh,2001,Murder - Total Victims,1096.0
678,Arunachal Pradesh,2001,Murder - Total Victims,41.0
679,Assam,2001,Murder - Total Victims,622.0
680,Bihar,2001,Murder - Total Victims,1675.0
681,Chandigarh,2001,Murder - Total Victims,5.0
682,Chhattisgarh,2001,Murder - Total Victims,555.0
683,Dadra & Nagar Haveli,2001,Murder - Total Victims,1.0
684,Delhi,2001,Murder - Total Victims,305.0
685,Goa,2001,Murder - Total Victims,15.0
686,Gujarat,2001,Murder - Total Victims,467.0
687,Haryana,2001,Murder - Total Victims,358.0
688,Himachal Pradesh,2001,Murder - Total Victims,40.0
689,Jammu & Kashmir,2001,Murder - Total Victims,453.0
690,Jharkhand,2001,Murder - Total Victims,596.0
691,Karnataka,2001,Murder - Total Victims,700.0
692,Kerala,2001,Murder - Total Victims,113.0
693,Lakshadweep,2001,Murder - Total Victims,0.0
694,Madhya Pradesh,2001,Murder - Total Victims,974.0
695,Maharashtra,2001,Murder - Total Victims,1295.0
696,Manipur,2001,Murder - Total Victims,139.0
697,Meghalaya,2001,Murder - Total Victims,116.0
698,Mizoram,2001,Murder - Total Victims,17.0
699,Nagaland,2001,Murder - Total Victims,64.0
700,Odisha,2001,Murder - Total Victims,490.0
701,Puducherry,2001,Murder - Total Victims,10.0
702,Punjab,2001,Murder - Total Victims,358.0
703,Rajasthan,2001,Murder - Total Victims,497.0
704,Sikkim,2001,Murder - Total Victims,8.0
705,Tamil Nadu,2001,Murder - Total Victims,565.0
706,Tripura,2001,Murder - Total Victims,93.0
707,Uttar Pradesh,2001,Murder - Total Victims,3724.0
708,Uttarakhand,2001,Murder - Total Victims,124.0
709,West Bengal,2001,Murder - Total Victims,889.0
710,Andaman & Nicobar Islands,2002,Murder - Total Victims,6.0
711,Andhra Pradesh,2002,Murder - Total Victims,1320.0
712,Arunachal Pradesh,2002,Murder - Total Victims,34.0
713,Assam,2002,Murder - Total Victims,827.0
714,Bihar,2002,Murder - Total Victims,2116.0
715,Chandigarh,2002,Murder - Total Victims,12.0
716,Chhattisgarh,2002,Murder - Total Victims,264.0
717,Dadra & Nagar Haveli,2002,Murder - Total Victims,2.0
718,Daman & Diu,2002,Murder - Total Victims,5.0
719,Delhi,2002,Murder - Total Victims,312.0
720,Goa,2002,Murder - Total Victims,10.0
721,Gujarat,2002,Murder - Total Victims,975.0
722,Haryana,2002,Murder - Total Victims,433.0
723,Himachal Pradesh,2002,Murder - Total Victims,55.0
724,Jammu & Kashmir,2002,Murder - Total Victims,564.0
725,Jharkhand,2002,Murder - Total Victims,635.0
726,Karnataka,2002,Murder - Total Victims,826.0
727,Kerala,2002,Murder - Total Victims,118.0
728,Madhya Pradesh,2002,Murder - Total Victims,1149.0
729,Maharashtra,2002,Murder - Total Victims,1191.0
730,Manipur,2002,Murder - Total Victims,130.0
731,Meghalaya,2002,Murder - Total Victims,79.0
732,Mizoram,2002,Murder - Total Victims,23.0
733,Nagaland,2002,Murder - Total Victims,72.0
734,Odisha,2002,Murder - Total Victims,579.0
735,Puducherry,2002,Murder - Total Victims,7.0
736,Punjab,2002,Murder - Total Victims,319.0
737,Rajasthan,2002,Murder - Total Victims,563.0
738,Sikkim,2002,Murder - Total Victims,4.0
739,Tamil Nadu,2002,Murder - Total Victims,771.0
740,Tripura,2002,Murder - Total Victims,105.0
741,Uttar Pradesh,2002,Murder - Total Victims,3548.0
742,Uttarakhand,2002,Murder - Total Victims,100.0
743,West Bengal,2002,Murder - Total Victims,852.0
744,Andaman & Nicobar Islands,2003,Murder - Total Victims,8.0
745,Andhra Pradesh,2003,Murder - Total Victims,1370.0
746,Arunachal Pradesh,2003,Murder - Total Victims,64.0
747,Assam,2003,Murder - Total Victims,639.0
748,Bihar,2003,Murder - Total Victims,1872.0
749,Chandigarh,2003,Murder - Total Victims,8.0
750,Chhattisgarh,2003,Murder - Total Victims,312.0
751,Dadra & Nagar Haveli,2003,Murder - Total Victims,4.0
752,Daman & Diu,2003,Murder - Total Victims,0.0
753,Delhi,2003,Murder - Total Victims,254.0
754,Goa,2003,Murder - Total Victims,11.0
755,Gujarat,2003,Murder - Total Victims,457.0
756,Haryana,2003,Murder - Total Victims,401.0
757,Himachal Pradesh,2003,Murder - Total Victims,43.0
758,Jammu & Kashmir,2003,Murder - Total Victims,432.0
759,Jharkhand,2003,Murder - Total Victims,683.0
760,Karnataka,2003,Murder - Total Victims,648.0
761,Kerala,2003,Murder - Total Victims,120.0
762,Madhya Pradesh,2003,Murder - Total Victims,984.0
763,Maharashtra,2003,Murder - Total Victims,1250.0
764,Manipur,2003,Murder - Total Victims,117.0
765,Meghalaya,2003,Murder - Total Victims,64.0
766,Mizoram,2003,Murder - Total Victims,16.0
767,Nagaland,2003,Murder - Total Victims,70.0
768,Odisha,2003,Murder - Total Victims,541.0
769,Puducherry,2003,Murder - Total Victims,11.0
770,Punjab,2003,Murder - Total Victims,338.0
771,Rajasthan,2003,Murder - Total Victims,560.0
772,Sikkim,2003,Murder - Total Victims,9.0
773,Tamil Nadu,2003,Murder - Total Victims,596.0
774,Tripura,2003,Murder - Total Victims,135.0
775,Uttar Pradesh,2003,Murder - Total Victims,2438.0
776,Uttarakhand,2003,Murder - Total Victims,115.0
777,West Bengal,2003,Murder - Total Victims,792.0
778,Andaman & Nicobar Islands,2004,Murder - Total Victims,2.0
779,Andhra Pradesh,2004,Murder - Total Victims,1157.0
780,Arunachal Pradesh,2004,Murder - Total Victims,36.0
781,Assam,2004,Murder - Total Victims,691.0
782,Bihar,2004,Murder - Total Victims,2175.0
783,Chandigarh,2004,Murder - Total Victims,8.0
784,Chhattisgarh,2004,Murder - Total Victims,331.0
785,Dadra & Nagar Haveli,2004,Murder - Total Victims,3.0
786,Daman & Diu,2004,Murder - Total Victims,2.0
787,Delhi,2004,Murder - Total Victims,221.0
788,Goa,2004,Murder - Total Victims,15.0
789,Gujarat,2004,Murder - Total Victims,472.0
790,Haryana,2004,Murder - Total Victims,378.0
791,Himachal Pradesh,2004,Murder - Total Victims,37.0
792,Jammu & Kashmir,2004,Murder - Total Victims,496.0
793,Jharkhand,2004,Murder - Total Victims,686.0
794,Karnataka,2004,Murder - Total Victims,745.0
795,Kerala,2004,Murder - Total Victims,94.0
796,Madhya Pradesh,2004,Murder - Total Victims,1088.0
797,Maharashtra,2004,Murder - Total Victims,1176.0
798,Manipur,2004,Murder - Total Victims,125.0
799,Meghalaya,2004,Murder - Total Victims,103.0
800,Mizoram,2004,Murder - Total Victims,15.0
801,Nagaland,2004,Murder - Total Victims,36.0
802,Odisha,2004,Murder - Total Victims,610.0
803,Puducherry,2004,Murder - Total Victims,12.0
804,Punjab,2004,Murder - Total Victims,334.0
805,Rajasthan,2004,Murder - Total Victims,568.0
806,Sikkim,2004,Murder - Total Victims,4.0
807,Tamil Nadu,2004,Murder - Total Victims,612.0
808,Tripura,2004,Murder - Total Victims,124.0
809,Uttar Pradesh,2004,Murder - Total Victims,2837.0
810,Uttarakhand,2004,Murder - Total Victims,130.0
811,West Bengal,2004,Murder - Total Victims,736.0
812,Andaman & Nicobar Islands,2005,Murder - Total Victims,5.0
813,Andhra Pradesh,2005,Murder - Total Victims,1277.0
814,Arunachal Pradesh,2005,Murder - Total Victims,59.0
815,Assam,2005,Murder - Total Victims,714.0
816,Bihar,2005,Murder - Total Victims,2160.0
817,Chandigarh,2005,Murder - Total Victims,7.0
818,Chhattisgarh,2005,Murder - Total Victims,405.0
819,Dadra & Nagar Haveli,2005,Murder - Total Victims,2.0
820,Daman & Diu,2005,Murder - Total Victims,4.0
821,Delhi,2005,Murder - Total Victims,284.0
822,Goa,2005,Murder - Total Victims,14.0
823,Gujarat,2005,Murder - Total Victims,418.0
824,Haryana,2005,Murder - Total Victims,366.0
825,Himachal Pradesh,2005,Murder - Total Victims,40.0
826,Jammu & Kashmir,2005,Murder - Total Victims,425.0
827,Jharkhand,2005,Murder - Total Victims,452.0
828,Karnataka,2005,Murder - Total Victims,779.0
829,Kerala,2005,Murder - Total Victims,87.0
830,Lakshadweep,2005,Murder - Total Victims,1.0
831,Madhya Pradesh,2005,Murder - Total Victims,1019.0
832,Maharashtra,2005,Murder - Total Victims,1122.0
833,Manipur,2005,Murder - Total Victims,186.0
834,Meghalaya,2005,Murder - Total Victims,57.0
835,Mizoram,2005,Murder - Total Victims,15.0
836,Nagaland,2005,Murder - Total Victims,48.0
837,Odisha,2005,Murder - Total Victims,535.0
838,Puducherry,2005,Murder - Total Victims,8.0
839,Punjab,2005,Murder - Total Victims,331.0
840,Rajasthan,2005,Murder - Total Victims,523.0
841,Sikkim,2005,Murder - Total Victims,3.0
842,Tamil Nadu,2005,Murder - Total Victims,552.0
843,Tripura,2005,Murder - Total Victims,91.0
844,Uttar Pradesh,2005,Murder - Total Victims,3120.0
845,Uttarakhand,2005,Murder - Total Victims,127.0
846,West Bengal,2005,Murder - Total Victims,942.0
847,Andaman & Nicobar Islands,2006,Murder - Total Victims,1.0
848,Andhra Pradesh,2006,Murder - Total Victims,1367.0
849,Arunachal Pradesh,2006,Murder - Total Victims,40.0
850,Assam,2006,Murder - Total Victims,691.0
851,Bihar,2006,Murder - Total Victims,1933.0
852,Chandigarh,2006,Murder - Total Victims,2.0
853,Chhattisgarh,2006,Murder - Total Victims,427.0
854,Dadra & Nagar Haveli,2006,Murder - Total Victims,3.0
855,Daman & Diu,2006,Murder - Total Victims,3.0
856,Delhi,2006,Murder - Total Victims,283.0
857,Goa,2006,Murder - Total Victims,12.0
858,Gujarat,2006,Murder - Total Victims,497.0
859,Haryana,2006,Murder - Total Victims,404.0
860,Himachal Pradesh,2006,Murder - Total Victims,48.0
861,Jammu & Kashmir,2006,Murder - Total Victims,324.0
862,Jharkhand,2006,Murder - Total Victims,557.0
863,Karnataka,2006,Murder - Total Victims,757.0
864,Kerala,2006,Murder - Total Victims,102.0
865,Madhya Pradesh,2006,Murder - Total Victims,900.0
866,Maharashtra,2006,Murder - Total Victims,1208.0
867,Manipur,2006,Murder - Total Victims,127.0
868,Meghalaya,2006,Murder - Total Victims,82.0
869,Mizoram,2006,Murder - Total Victims,20.0
870,Nagaland,2006,Murder - Total Victims,77.0
871,Odisha,2006,Murder - Total Victims,560.0
872,Puducherry,2006,Murder - Total Victims,12.0
873,Punjab,2006,Murder - Total Victims,386.0
874,Rajasthan,2006,Murder - Total Victims,505.0
875,Sikkim,2006,Murder - Total Victims,5.0
876,Tamil Nadu,2006,Murder - Total Victims,492.0
877,Tripura,2006,Murder - Total Victims,71.0
878,Uttar Pradesh,2006,Murder - Total Victims,2813.0
879,Uttarakhand,2006,Murder - Total Victims,96.0
880,West Bengal,2006,Murder - Total Victims,881.0
881,Andaman & Nicobar Islands,2007,Murder - Total Victims,6.0
882,Andhra Pradesh,2007,Murder - Total Victims,1289.0
883,Arunachal Pradesh,2007,Murder - Total Victims,44.0
884,Assam,2007,Murder - Total Victims,817.0
885,Bihar,2007,Murder - Total Victims,1688.0
886,Chandigarh,2007,Murder - Total Victims,10.0
887,Chhattisgarh,2007,Murder - Total Victims,381.0
888,Dadra & Nagar Haveli,2007,Murder - Total Victims,3.0
889,Daman & Diu,2007,Murder - Total Victims,4.0
890,Delhi,2007,Murder - Total Victims,276.0
891,Goa,2007,Murder - Total Victims,9.0
892,Gujarat,2007,Murder - Total Victims,406.0
893,Haryana,2007,Murder - Total Victims,416.0
894,Himachal Pradesh,2007,Murder - Total Victims,46.0
895,Jammu & Kashmir,2007,Murder - Total Victims,196.0
896,Jharkhand,2007,Murder - Total Victims,637.0
897,Karnataka,2007,Murder - Total Victims,670.0
898,Kerala,2007,Murder - Total Victims,88.0
899,Madhya Pradesh,2007,Murder - Total Victims,950.0
900,Maharashtra,2007,Murder - Total Victims,1175.0
901,Manipur,2007,Murder - Total Victims,148.0
902,Meghalaya,2007,Murder - Total Victims,39.0
903,Mizoram,2007,Murder - Total Victims,26.0
904,Nagaland,2007,Murder - Total Victims,51.0
905,Odisha,2007,Murder - Total Victims,637.0
906,Puducherry,2007,Murder - Total Victims,21.0
907,Punjab,2007,Murder - Total Victims,386.0
908,Rajasthan,2007,Murder - Total Victims,536.0
909,Sikkim,2007,Murder - Total Victims,5.0
910,Tamil Nadu,2007,Murder - Total Victims,607.0
911,Tripura,2007,Murder - Total Victims,52.0
912,Uttar Pradesh,2007,Murder - Total Victims,2432.0
913,Uttarakhand,2007,Murder - Total Victims,164.0
914,West Bengal,2007,Murder - Total Victims,968.0
915,Andaman & Nicobar Islands,2008,Murder - Total Victims,2.0
916,Andhra Pradesh,2008,Murder - Total Victims,1266.0
917,Arunachal Pradesh,2008,Murder - Total Victims,40.0
918,Assam,2008,Murder - Total Victims,851.0
919,Bihar,2008,Murder - Total Victims,1837.0
920,Chandigarh,2008,Murder - Total Victims,10.0
921,Chhattisgarh,2008,Murder - Total Victims,411.0
922,Dadra & Nagar Haveli,2008,Murder - Total Victims,
923,Daman & Diu,2008,Murder - Total Victims,0.0
924,Delhi,2008,Murder - Total Victims,202.0
925,Goa,2008,Murder - Total Victims,18.0
926,Gujarat,2008,Murder - Total Victims,449.0
927,Haryana,2008,Murder - Total Victims,404.0
928,Himachal Pradesh,2008,Murder - Total Victims,37.0
929,Jammu & Kashmir,2008,Murder - Total Victims,107.0
930,Jharkhand,2008,Murder - Total Victims,841.0
931,Karnataka,2008,Murder - Total Victims,700.0
932,Kerala,2008,Murder - Total Victims,86.0
933,Lakshadweep,2008,Murder - Total Victims,
934,Madhya Pradesh,2008,Murder - Total Victims,930.0
935,Maharashtra,2008,Murder - Total Victims,1241.0
936,Manipur,2008,Murder - Total Victims,141.0
937,Meghalaya,2008,Murder - Total Victims,65.0
938,Mizoram,2008,Murder - Total Victims,24.0
939,Nagaland,2008,Murder - Total Victims,86.0
940,Odisha,2008,Murder - Total Victims,533.0
941,Puducherry,2008,Murder - Total Victims,17.0
942,Punjab,2008,Murder - Total Victims,386.0
943,Rajasthan,2008,Murder - Total Victims,527.0
944,Sikkim,2008,Murder - Total Victims,4.0
945,Tamil Nadu,2008,Murder - Total Victims,597.0
946,Tripura,2008,Murder - Total Victims,57.0
947,Uttar Pradesh,2008,Murder - Total Victims,2287.0
948,Uttarakhand,2008,Murder - Total Victims,168.0
949,West Bengal,2008,Murder - Total Victims,910.0
950,Andaman & Nicobar Islands,2009,Murder - Total Victims,6.0
951,Andhra Pradesh,2009,Murder - Total Victims,1047.0
952,Arunachal Pradesh,2009,Murder - Total Victims,31.0
953,Assam,2009,Murder - Total Victims,846.0
954,Bihar,2009,Murder - Total Victims,1858.0
955,Chandigarh,2009,Murder - Total Victims,12.0
956,Chhattisgarh,2009,Murder - Total Victims,355.0
957,Dadra & Nagar Haveli,2009,Murder - Total Victims,4.0
958,Daman & Diu,2009,Murder - Total Victims,2.0
959,Delhi,2009,Murder - Total Victims,291.0
960,Goa,2009,Murder - Total Victims,22.0
961,Gujarat,2009,Murder - Total Victims,386.0
962,Haryana,2009,Murder - Total Victims,427.0
963,Himachal Pradesh,2009,Murder - Total Victims,41.0
964,Jammu & Kashmir,2009,Murder - Total Victims,124.0
965,Jharkhand,2009,Murder - Total Victims,728.0
966,Karnataka,2009,Murder - Total Victims,698.0
967,Kerala,2009,Murder - Total Victims,80.0
968,Madhya Pradesh,2009,Murder - Total Victims,949.0
969,Maharashtra,2009,Murder - Total Victims,1171.0
970,Manipur,2009,Murder - Total Victims,61.0
971,Meghalaya,2009,Murder - Total Victims,85.0
972,Mizoram,2009,Murder - Total Victims,11.0
973,Nagaland,2009,Murder - Total Victims,30.0
974,Odisha,2009,Murder - Total Victims,551.0
975,Puducherry,2009,Murder - Total Victims,16.0
976,Punjab,2009,Murder - Total Victims,343.0
977,Rajasthan,2009,Murder - Total Victims,574.0
978,Sikkim,2009,Murder - Total Victims,10.0
979,Tamil Nadu,2009,Murder - Total Victims,578.0
980,Tripura,2009,Murder - Total Victims,56.0
981,Uttar Pradesh,2009,Murder - Total Victims,2259.0
982,Uttarakhand,2009,Murder - Total Victims,110.0
983,West Bengal,2009,Murder - Total Victims,1117.0
984,Andaman & Nicobar Islands,2010,Murder - Total Victims,2.0
985,Andhra Pradesh,2010,Murder - Total Victims,1197.0
986,Arunachal Pradesh,2010,Murder - Total Victims,55.0
987,Assam,2010,Murder - Total Victims,763.0
988,Bihar,2010,Murder - Total Victims,1861.0
989,Chandigarh,2010,Murder - Total Victims,6.0
990,Chhattisgarh,2010,Murder - Total Victims,358.0
991,Dadra & Nagar Haveli,2010,Murder - Total Victims,1.0
992,Daman & Diu,2010,Murder - Total Victims,4.0
993,Delhi,2010,Murder - Total Victims,293.0
994,Goa,2010,Murder - Total Victims,14.0
995,Gujarat,2010,Murder - Total Victims,443.0
996,Haryana,2010,Murder - Total Victims,466.0
997,Himachal Pradesh,2010,Murder - Total Victims,42.0
998,Jammu & Kashmir,2010,Murder - Total Victims,106.0
999,Jharkhand,2010,Murder - Total Victims,1036.0
1000,Karnataka,2010,Murder - Total Victims,858.0
1001,Kerala,2010,Murder - Total Victims,84.0
1002,Madhya Pradesh,2010,Murder - Total Victims,978.0
1003,Maharashtra,2010,Murder - Total Victims,1222.0
1004,Manipur,2010,Murder - Total Victims,31.0
1005,Meghalaya,2010,Murder - Total Victims,69.0
1006,Mizoram,2010,Murder - Total Victims,8.0
1007,Nagaland,2010,Murder - Total Victims,20.0
1008,Odisha,2010,Murder - Total Victims,566.0
1009,Puducherry,2010,Murder - Total Victims,13.0
1010,Punjab,2010,Murder - Total Victims,384.0
1011,Rajasthan,2010,Murder - Total Victims,567.0
1012,Sikkim,2010,Murder - Total Victims,4.0
1013,Tamil Nadu,2010,Murder - Total Victims,650.0
1014,Tripura,2010,Murder - Total Victims,60.0
1015,Uttar Pradesh,2010,Murder - Total Victims,2358.0
1016,Uttarakhand,2010,Murder - Total Victims,91.0
1017,West Bengal,2010,Murder - Total Victims,1177.0
